model,params,mean_bal_acc,fold_scores,oof_bal_acc
majority_baseline,{},0.5,"[0.5, 0.5, 0.5, 0.5, 0.5, 0.5, 0.5, 0.5]",0.5
logistic_regression,"{""clf__C"": 0.01}",0.4999764835401245,"[0.5, 0.5, 0.5, 0.513636, 0.492857, 0.541667, 0.480223, 0.471429]",0.5041415366203171
logistic_regression,"{""clf__C"": 1.0}",0.49303924917515185,"[0.5, 0.459459, 0.514286, 0.527273, 0.471429, 0.537037, 0.477688, 0.457143]",0.4983071665905548
logistic_regression,"{""clf__C"": 0.1}",0.4897535030585234,"[0.5, 0.459459, 0.5, 0.512121, 0.489286, 0.537037, 0.462982, 0.457143]",0.4943073555580051
random_forest,"{""max_depth"": 8}",0.5074913075451869,"[0.520833, 0.497921, 0.514286, 0.528788, 0.475, 0.50463, 0.482759, 0.535714]",0.5101806213879659
random_forest,"{""max_depth"": 4}",0.4973352817102817,"[0.5, 0.486486, 0.5, 0.5, 0.510714, 0.481481, 0.5, 0.5]",0.4980552099900792
gradient_boosting,"{""learning_rate"": 0.1, ""max_depth"": 3}",0.49575507212107106,"[0.514423, 0.451143, 0.482143, 0.563636, 0.428571, 0.50463, 0.489351, 0.532143]",0.5012912775774373
gradient_boosting,"{""learning_rate"": 0.05, ""max_depth"": 2}",0.49497659986377024,"[0.532051, 0.43815, 0.496429, 0.490909, 0.489286, 0.49537, 0.539047, 0.478571]",0.4986063650536195
gradient_boosting,"{""learning_rate"": 0.05, ""max_depth"": 3}",0.4912196942084113,"[0.540064, 0.439709, 0.453571, 0.471212, 0.471429, 0.546296, 0.528905, 0.478571]",0.49303969891186245
gradient_boosting,"{""learning_rate"": 0.1, ""max_depth"": 2}",0.482426067691661,"[0.527244, 0.468815, 0.439286, 0.440909, 0.432143, 0.546296, 0.479716, 0.525]",0.48704785600680284
xgboost,"{""learning_rate"": 0.1, ""max_depth"": 3}",0.49819802590466894,"[0.522436, 0.530146, 0.410714, 0.466667, 0.446429, 0.564815, 0.501521, 0.542857]",0.4972599719698282
xgboost,"{""learning_rate"": 0.05, ""max_depth"": 3}",0.49675431547579113,"[0.607372, 0.480249, 0.482143, 0.484848, 0.460714, 0.5, 0.494422, 0.464286]",0.4990000472418626
xgboost,"{""learning_rate"": 0.05, ""max_depth"": 2}",0.49046694465051466,"[0.548077, 0.488046, 0.5, 0.471212, 0.510714, 0.435185, 0.484787, 0.485714]",0.49291372061162464
xgboost,"{""learning_rate"": 0.1, ""max_depth"": 2}",0.47976890630288194,"[0.548077, 0.524428, 0.457143, 0.451515, 0.417857, 0.476852, 0.494422, 0.467857]",0.48126072783962964
mlp,"{""clf__alpha"": 0.01}",0.5048699864591092,"[0.524038, 0.56289, 0.492857, 0.45, 0.457143, 0.527778, 0.53854, 0.485714]",0.5089287120293529
mlp,"{""clf__alpha"": 0.0001}",0.5032674223565451,"[0.511218, 0.56289, 0.492857, 0.45, 0.457143, 0.527778, 0.53854, 0.485714]",0.5069524274443726
