model,split,accuracy,balanced_accuracy,roc_auc,pr_auc,n,base_rate
majority_baseline,cv_oof,0.501984126984127,0.5,0.5,0.501984126984127,504.0,0.501984126984127
majority_baseline,holdout,0.5637663885578069,0.5,0.5,0.5637663885578069,839.0,0.5637663885578069
logistic_regression,cv_oof,0.5059523809523809,0.5041415366203171,0.49254365935467614,0.4910610273478543,504.0,0.501984126984127
logistic_regression,holdout,0.5578069129916567,0.4965688143347312,0.485553206483439,0.5786213749829784,839.0,0.5637663885578069
random_forest,cv_oof,0.5119047619047619,0.5101806213879659,0.49515770908461015,0.5032476089231757,504.0,0.501984126984127
random_forest,holdout,0.5458879618593564,0.5131933132314376,0.5022354694485842,0.5649162629493641,839.0,0.5637663885578069
gradient_boosting,cv_oof,0.501984126984127,0.5012912775774373,0.487095097869392,0.4967185073618071,504.0,0.501984126984127
gradient_boosting,holdout,0.4934445768772348,0.48429683799489365,0.49603738490509364,0.5575052724739765,839.0,0.5637663885578069
xgboost,cv_oof,0.498015873015873,0.4972599719698282,0.4891579925357857,0.49134782309342584,504.0,0.501984126984127
xgboost,holdout,0.5101311084624554,0.49600561466745224,0.47647269492484895,0.5383510737088796,839.0,0.5637663885578069
mlp,cv_oof,0.5099206349206349,0.5089287120293529,0.4786073098908713,0.49078754740496777,504.0,0.501984126984127
mlp,holdout,0.5172824791418356,0.4955492785267852,0.4980822329278296,0.5649706972152718,839.0,0.5637663885578069
base_rate_full,full,,,,,4193.0,0.5523491533508228
base_rate_cv_region,cv_region,,,,,3354.0,0.5494931425163984
base_rate_holdout,holdout,,,,,839.0,0.5637663885578069
